[{	"id": 1723,	"name": "Q1 2017 CEILING FAN",	"fixtures": ["Case Stack Out", "Case Stack In",	"Each",	"Selected",	"All",	"Full Pallet",	"Half Pallet",	"Pallet",	"Quarter Pallet"]},{	"id": 1741,	"name": "A PLUS_Q1 2017 MAP",	"fixtures": ["Conversion Wing Stack",	"Begin Cap-Back",	"Mid Cap-Back",	"End Cap-Back",	"Begin Cap-Front",	"Mid Cap-Front",	"End Cap-Front",	"Registers"]},{	"id": 1721,	"name": "Q4 2016 MLK DAY PAINT",	"fixtures": ["CASE STACKOUT",	"QUARTER PALLET (1 SKU)",	"QUARTER PALLET (MULTI SKU)",	"HALF PALLET (1 SKU)",	"PALLET (MULTI SKU)",	"TRAY STACKOUT",	"EACH",	"RT-001"]},{	"id": 1725,	"name": "Pallets Screen",	"fixtures": ["Case Stack Out", "Case Stack In",	"Each",	"Selected",	"All",	"Full Pallet",	"Half Pallet",	"Pallet",	"Quarter Pallet"]}]