<?xml version="1.0" encoding="UTF-8" standalone="yes"?>
<template>
    <row>
        <defaultValue>2015</defaultValue>
        <field>1</field>
        <selectedValue></selectedValue>
    </row>
    <row>
        <defaultValue>W2C</defaultValue>
        <field>2</field>
        <selectedValue></selectedValue>
    </row>
    <row>
        <defaultValue></defaultValue>
        <field>3</field>
        <selectedValue>8</selectedValue>
    </row>
    <row>
        <defaultValue></defaultValue>
        <field>4</field>
        <selectedValue>1</selectedValue>
    </row>
    <row>
        <defaultValue></defaultValue>
        <field>5</field>
        <selectedValue></selectedValue>
    </row>
    <row>
        <defaultValue></defaultValue>
        <field>6</field>
        <selectedValue></selectedValue>
    </row>
    <row>
        <defaultValue></defaultValue>
        <field>7</field>
        <selectedValue></selectedValue>
    </row>
    <row>
        <defaultValue></defaultValue>
        <field>8</field>
        <selectedValue></selectedValue>
    </row>
    <row>
        <defaultValue></defaultValue>
        <field>9</field>
        <selectedValue></selectedValue>
    </row>
    <row>
        <defaultValue></defaultValue>
        <field>10</field>
        <selectedValue></selectedValue>
    </row>
    <row>
        <defaultValue></defaultValue>
        <field>11</field>
        <selectedValue></selectedValue>
    </row>
    <row>
        <defaultValue></defaultValue>
        <field>12</field>
        <selectedValue></selectedValue>
    </row>
    <row>
        <defaultValue></defaultValue>
        <field>13</field>
        <selectedValue></selectedValue>
    </row>
    <row>
        <defaultValue></defaultValue>
        <field>14</field>
        <selectedValue></selectedValue>
    </row>
    <row>
        <defaultValue></defaultValue>
        <field>15</field>
        <selectedValue></selectedValue>
    </row>
    <row>
        <defaultValue></defaultValue>
        <field>16</field>
        <selectedValue></selectedValue>
    </row>
    <row>
        <defaultValue></defaultValue>
        <field>17</field>
        <selectedValue></selectedValue>
    </row>
    <row>
        <defaultValue></defaultValue>
        <field>18</field>
        <selectedValue></selectedValue>
    </row>
    <row>
        <defaultValue></defaultValue>
        <field>19</field>
        <selectedValue></selectedValue>
    </row>
    <row>
        <defaultValue></defaultValue>
        <field>20</field>
        <selectedValue></selectedValue>
    </row>
    <row>
        <defaultValue></defaultValue>
        <field>21</field>
        <selectedValue></selectedValue>
    </row>
    <row>
        <defaultValue></defaultValue>
        <field>22</field>
        <selectedValue></selectedValue>
    </row>
    <row>
        <defaultValue></defaultValue>
        <field>23</field>
        <selectedValue></selectedValue>
    </row>
    <row>
        <defaultValue></defaultValue>
        <field>24</field>
        <selectedValue></selectedValue>
    </row>
    <row>
        <defaultValue></defaultValue>
        <field>25</field>
        <selectedValue></selectedValue>
    </row>
    <row>
        <defaultValue></defaultValue>
        <field>26</field>
        <selectedValue></selectedValue>
    </row>
    <row>
        <defaultValue></defaultValue>
        <field>27</field>
        <selectedValue>6</selectedValue>
    </row>
    <row>
        <defaultValue></defaultValue>
        <field>27</field>
        <selectedValue></selectedValue>
    </row>
    <row>
        <defaultValue></defaultValue>
        <field>28</field>
        <selectedValue></selectedValue>
    </row>
    <row>
        <defaultValue></defaultValue>
        <field>29</field>
        <selectedValue></selectedValue>
    </row>
    <row>
        <defaultValue></defaultValue>
        <field>30</field>
        <selectedValue></selectedValue>
    </row>
    <row>
        <defaultValue></defaultValue>
        <field>31</field>
        <selectedValue></selectedValue>
    </row>
    <row>
        <defaultValue></defaultValue>
        <field>32</field>
        <selectedValue></selectedValue>
    </row>
    <row>
        <defaultValue></defaultValue>
        <field>33</field>
        <selectedValue></selectedValue>
    </row>
    <row>
        <defaultValue></defaultValue>
        <field>34</field>
        <selectedValue></selectedValue>
    </row>
    <row>
        <defaultValue></defaultValue>
        <field>35</field>
        <selectedValue></selectedValue>
    </row>
    <row>
        <defaultValue></defaultValue>
        <field>36</field>
        <selectedValue></selectedValue>
    </row>
    <row>
        <defaultValue></defaultValue>
        <field>37</field>
        <selectedValue></selectedValue>
    </row>
    <row>
        <defaultValue></defaultValue>
        <field>38</field>
        <selectedValue></selectedValue>
    </row>
    <row>
        <defaultValue></defaultValue>
        <field>39</field>
        <selectedValue></selectedValue>
    </row>
    <row>
        <defaultValue>1</defaultValue>
        <field>40</field>
        <selectedValue></selectedValue>
    </row>
    <row>
        <defaultValue></defaultValue>
        <field>41</field>
        <selectedValue></selectedValue>
    </row>
    <row>
        <defaultValue></defaultValue>
        <field>42</field>
        <selectedValue></selectedValue>
    </row>
    <row>
        <defaultValue></defaultValue>
        <field>43</field>
        <selectedValue>4</selectedValue>
    </row>
    <row>
        <defaultValue></defaultValue>
        <field>44</field>
        <selectedValue></selectedValue>
    </row>
    <row>
        <defaultValue></defaultValue>
        <field>45</field>
        <selectedValue>5</selectedValue>
    </row>
    <row>
        <defaultValue></defaultValue>
        <field>46</field>
        <selectedValue>9</selectedValue>
    </row>
    <row>
        <defaultValue></defaultValue>
        <field>47</field>
        <selectedValue>4</selectedValue>
    </row>
    <row>
        <defaultValue></defaultValue>
        <field>48</field>
        <selectedValue>10</selectedValue>
    </row>
    <row>
        <defaultValue></defaultValue>
        <field>49</field>
        <selectedValue></selectedValue>
    </row>
    <row>
        <defaultValue></defaultValue>
        <field>50</field>
        <selectedValue></selectedValue>
    </row>
    <row>
        <defaultValue></defaultValue>
        <field>51</field>
        <selectedValue></selectedValue>
    </row>
    <row>
        <defaultValue></defaultValue>
        <field>52</field>
        <selectedValue></selectedValue>
    </row>
    <row>
        <defaultValue></defaultValue>
        <field>53</field>
        <selectedValue></selectedValue>
    </row>
    <row>
        <defaultValue></defaultValue>
        <field>54</field>
        <selectedValue></selectedValue>
    </row>
    <row>
        <defaultValue></defaultValue>
        <field>55</field>
        <selectedValue></selectedValue>
    </row>
    <row>
        <defaultValue></defaultValue>
        <field>56</field>
        <selectedValue></selectedValue>
    </row>
    <row>
        <defaultValue></defaultValue>
        <field>57</field>
        <selectedValue></selectedValue>
    </row>
    <row>
        <defaultValue></defaultValue>
        <field>58</field>
        <selectedValue></selectedValue>
    </row>
    <row>
        <defaultValue></defaultValue>
        <field>59</field>
        <selectedValue></selectedValue>
    </row>
    <row>
        <defaultValue></defaultValue>
        <field>60</field>
        <selectedValue></selectedValue>
    </row>
    <row>
        <defaultValue></defaultValue>
        <field>61</field>
        <selectedValue></selectedValue>
    </row>
    <row>
        <defaultValue>NJ 3PSP</defaultValue>
        <field>62</field>
        <selectedValue></selectedValue>
    </row>
    <row>
        <defaultValue></defaultValue>
        <field>63</field>
        <selectedValue>4</selectedValue>
    </row>
    <row>
        <defaultValue></defaultValue>
        <field>64</field>
        <selectedValue></selectedValue>
    </row>
    <row>
        <defaultValue></defaultValue>
        <field>65</field>
        <selectedValue></selectedValue>
    </row>
    <row>
        <defaultValue></defaultValue>
        <field>66</field>
        <selectedValue></selectedValue>
    </row>
    <row>
        <defaultValue></defaultValue>
        <field>67</field>
        <selectedValue></selectedValue>
    </row>
    <row>
        <defaultValue></defaultValue>
        <field>68</field>
        <selectedValue></selectedValue>
    </row>
    <row>
        <defaultValue></defaultValue>
        <field>69</field>
        <selectedValue></selectedValue>
    </row>
    <row>
        <defaultValue></defaultValue>
        <field>70</field>
        <selectedValue></selectedValue>
    </row>
    <row>
        <defaultValue></defaultValue>
        <field>71</field>
        <selectedValue></selectedValue>
    </row>
    <row>
        <defaultValue></defaultValue>
        <field>72</field>
        <selectedValue></selectedValue>
    </row>
    <row>
        <defaultValue></defaultValue>
        <field>73</field>
        <selectedValue></selectedValue>
    </row>
    <row>
        <defaultValue></defaultValue>
        <field>74</field>
        <selectedValue></selectedValue>
    </row>
    <row>
        <defaultValue></defaultValue>
        <field>75</field>
        <selectedValue></selectedValue>
    </row>
    <row>
        <defaultValue></defaultValue>
        <field>76</field>
        <selectedValue></selectedValue>
    </row>
    <row>
        <defaultValue></defaultValue>
        <field>77</field>
        <selectedValue></selectedValue>
    </row>
    <row>
        <defaultValue></defaultValue>
        <field>78</field>
        <selectedValue></selectedValue>
    </row>
    <row>
        <defaultValue></defaultValue>
        <field>79</field>
        <selectedValue></selectedValue>
    </row>
    <row>
        <defaultValue></defaultValue>
        <field>80</field>
        <selectedValue></selectedValue>
    </row>
    <row>
        <defaultValue></defaultValue>
        <field>81</field>
        <selectedValue></selectedValue>
    </row>
    <row>
        <defaultValue></defaultValue>
        <field>82</field>
        <selectedValue></selectedValue>
    </row>
    <row>
        <defaultValue></defaultValue>
        <field>83</field>
        <selectedValue></selectedValue>
    </row>
    <row>
        <defaultValue></defaultValue>
        <field>84</field>
        <selectedValue></selectedValue>
    </row>
    <row>
        <defaultValue></defaultValue>
        <field>85</field>
        <selectedValue></selectedValue>
    </row>
	<row>
        <defaultValue></defaultValue>
        <field>86</field>
        <selectedValue></selectedValue>
    </row>
    <row>
        <defaultValue></defaultValue>
        <field>87</field>
        <selectedValue></selectedValue>
    </row>
    <row>
        <defaultValue></defaultValue>
        <field>88</field>
        <selectedValue></selectedValue>
    </row>
    <row>
        <defaultValue></defaultValue>
        <field>89</field>
        <selectedValue></selectedValue>
    </row>
    <row>
        <defaultValue></defaultValue>
        <field>90</field>
        <selectedValue></selectedValue>
    </row>
    <row>
        <defaultValue></defaultValue>
        <field>91</field>
        <selectedValue></selectedValue>
    </row>
	<row>
        <defaultValue></defaultValue>
        <field>92</field>
        <selectedValue></selectedValue>
    </row>
    <row>
        <defaultValue></defaultValue>
        <field>93</field>
        <selectedValue></selectedValue>
    </row>
    <row>
        <defaultValue></defaultValue>
        <field>94</field>
        <selectedValue></selectedValue>
    </row>
    <row>
        <defaultValue></defaultValue>
        <field>95</field>
        <selectedValue></selectedValue>
    </row>
    <row>
        <defaultValue></defaultValue>
        <field>96</field>
        <selectedValue></selectedValue>
    </row>
    <row>
        <defaultValue></defaultValue>
        <field>97</field>
        <selectedValue></selectedValue>
    </row>
	<row>
        <defaultValue></defaultValue>
        <field>98</field>
        <selectedValue></selectedValue>
    </row>
    <row>
        <defaultValue></defaultValue>
        <field>99</field>
        <selectedValue></selectedValue>
    </row>
    <row>
        <defaultValue></defaultValue>
        <field>100</field>
        <selectedValue></selectedValue>
    </row>
    <row>
        <defaultValue></defaultValue>
        <field>101</field>
        <selectedValue></selectedValue>
    </row>
    <row>
        <defaultValue></defaultValue>
        <field>102</field>
        <selectedValue></selectedValue>
    </row>
    <row>
        <defaultValue></defaultValue>
        <field>103</field>
        <selectedValue></selectedValue>
    </row>
	<row>
        <defaultValue></defaultValue>
        <field>104</field>
        <selectedValue></selectedValue>
    </row>
    <row>
        <defaultValue></defaultValue>
        <field>105</field>
        <selectedValue></selectedValue>
    </row>
    <row>
        <defaultValue></defaultValue>
        <field>106</field>
        <selectedValue></selectedValue>
    </row>
	<row>
        <defaultValue></defaultValue>
        <field>107</field>
        <selectedValue></selectedValue>
    </row>
    <row>
        <defaultValue></defaultValue>
        <field>108</field>
        <selectedValue></selectedValue>
    </row>
</template>
